ID	SequenceWithMods	Decoy	Proteins	Positions	q-value
pep_fc539	GYEDGGIHLEC[+57.0513]RSTGWYPQPQIQWSDAK	0	prot_7c19;prot_e74b;prot_10b02;prot_43afa	132;113;155;113	0.000356
pep_1c9c3e	NDNDNLFLSPLSLSTAFAM[+15.9949]TKLGAC[+57.0513]NDTLQQLMEVFK	0	prot_2580d	102	0.006578
pep_1e5ccd	NYWGSVRR	0	prot_2c427	632	0.001658
pep_273223	TGTLLALDVLLQQLQSEGLLGPFSFVR	0	prot_a2f;prot_4210;prot_25df7;prot_4f796	848;1026;1026;848	0.016586
pep_6804d	GYEDGGLHLEC[+57.0513]RSTGWYPQPQLQWSDAK	0	prot_7c19;prot_e74b;prot_10b02;prot_43afa	132;113;155;113	0.000068
pep_b14d6	MANLFLRK(M,+15.9949)VNPLLYLRRHTVKPRALSTFLFGSLR	0	prot_34191;prot_39760	0;0	0.000159
pep_124494	VLSKQPSFRKLVEHK	0	prot_cc09;prot_177ba;prot_1b78d;prot_2cf5c;prot_310e3;prot_431e6;prot_44a03	1000;1001;999;1000;1000;999;999	0.000003
pep_14b965	MGRRKSKR	0	prot_16275;prot_18f3f;prot_35d96;prot_37d30;prot_3c6a9;prot_46c4e	0;0;0;0;0;0	0.000746
pep_14d8df	M.n[+42.0106]LSAVTDLGSLESTVS.K	0	prot_20693;prot_2283a;prot_282c2	1;1;1	0.000079
pep_16a18	SVTSELSGLDRVASLM	1	prot_20693_REVERSED;prot_2283a_REVERSED;prot_282c2_REVERSED	100;212;90	0.009991
pep_110ed	DC[+57.0513]KC[+57.0513]TA	0	prot_2b4;prot_5ac;prot_1528;prot_27d8;prot_327e;prot_3791;prot_4012;prot_428f;prot_4a27;prot_5276;prot_58fa;prot_669e;prot_6e7b;prot_6f5e;prot_96a9;prot_99e5;prot_ba1d;prot_ba47;prot_bf22;prot_c1d7;prot_d9a9;prot_e99f;prot_ffe5;prot_10940;prot_1140f;prot_114aa;prot_11e94;prot_122dc;prot_1471a;prot_165f6;prot_1767e;prot_17be1;prot_17ec8;prot_183ba;prot_190b0;prot_19b56;prot_1aa58;prot_1ae70;prot_1b177;prot_1b850;prot_1ccf5;prot_1d12f;prot_1dbc3;prot_1f703;prot_2030d;prot_2053c;prot_21281;prot_21f42;prot_220bd;prot_22347;prot_22898;prot_22d17;prot_2352a;prot_23908;prot_239c2;prot_24060;prot_24814;prot_25113;prot_257ec;prot_260c9;prot_26600;prot_26871;prot_27f26;prot_27f82;prot_2895a;prot_29ec0;prot_29f1b;prot_2a33c;prot_2cb69;prot_2cf67;prot_2ea35;prot_2ec5b;prot_2ee84;prot_2f8d8;prot_2f9ca;prot_30d96;prot_31f1e;prot_32129;prot_3231e;prot_32ed8;prot_3349d;prot_338e9;prot_339be;prot_341a7;prot_34344;prot_34402;prot_347a6;prot_347e1;prot_35a62;prot_37518;prot_379fb;prot_37e8e;prot_386ab;prot_38738;prot_39cb3;prot_3a090;prot_3ab28;prot_3aff4;prot_3c632;prot_3cfee;prot_3d5dc;prot_3d833;prot_3d945;prot_3dcc1;prot_3deb9;prot_3e0e9;prot_3e330;prot_405e6;prot_40b72;prot_4132d;prot_415b2;prot_41c4a;prot_41d94;prot_42a01;prot_43c6b;prot_43df5;prot_4439e;prot_4581b;prot_458f9;prot_462fd;prot_46eed;prot_47db9;prot_48761;prot_489dc;prot_496af;prot_4bb6f;prot_4c997;prot_4cbcf;prot_4cf87;prot_4d06c;prot_4d76f;prot_4dced;prot_4f30b;prot_4f7ef;prot_4fedc;prot_50f33;prot_51ddd;prot_52976;prot_529ba;prot_52de3;prot_537f4;prot_53d4a;prot_540dd;prot_543c1;prot_54e64;prot_555d7	1271;1271;1271;1271;1271;1271;1271;1271;1271;1271;1271;1271;1271;1271;1271;1271;1271;1271;1271;1271;1271;1271;1271;1271;1271;1271;1271;1271;1271;1271;1271;1271;1271;1271;1271;1271;1271;1271;1271;1271;1271;1271;1271;1271;1271;1271;1271;1271;1271;1271;1271;1271;1271;1271;1271;1271;1271;1271;1271;1271;1271;1271;1271;1271;1271;1271;1271;1271;1271;1271;1271;1271;1271;1271;1271;1271;1271;1271;1271;1271;1271;1271;1271;1271;1271;1271;1271;1271;1271;1271;1271;1271;1271;1271;1271;1271;1271;1271;1271;1271;1271;1271;1271;1271;1271;1271;1271;1271;1271;1271;1271;1271;1271;1271;1271;1271;1271;1271;1271;1271;1271;1271;1271;1271;1271;1271;1271;1271;1271;1271;1271;1271;1271;1271;1271;1271;1271;1271;1271;1271;1271;1271;1271;1271;1271;1271	0.000002
pep_2a87b5	HSLASNRVQHSVAPTKVSMQFASTLKTARW	0	prot_9d1d	113	0.009654
pep_414c0a	LREEREKRRRQELERQYRKEEELQQEEEQL	0	prot_7253;prot_14cf5	1093;1093	0.004216
pep_46dedd	MKRC[+57.0513]WDQDPKKRLC[+57.0513]F	0	prot_93df	263	0.013658
pep_62554a	SKQPSFRKLVEHKQNSSLSELLL	0	prot_cc09;prot_177ba;prot_1b78d;prot_2cf5c;prot_310e3;prot_431e6;prot_44a03	1002;1003;1001;1002;1002;1001;1001	0.000109
